method,n_clusters,acc,nmi,ari
scRGCL,5,0.7379310344827587,0.7468260794585722,0.6790226834827907
