method,n_clusters,acc,nmi,ari
scRGCL,14,0.5802787816210635,0.6867283368897078,0.3409138055307322
