method,n_clusters,acc,nmi,ari
scRGCL,14,0.5556844547563805,0.7002617878976395,0.4719790361464426
