method,n_clusters,acc,nmi,ari
scRGCL,6,0.7972477064220184,0.8335649316644479,0.6998566940310783
