method,n_clusters,acc,nmi,ari
scRGCL,14,0.4408352668213457,0.5664950847587916,0.3106350989272635
