method,n_clusters,acc,nmi,ari
scRGCL,6,0.6546489563567363,0.4172346570580902,0.49505553358339
