method,n_clusters,acc,nmi,ari
scRGCL,14,0.5243619489559165,0.6535302266270404,0.41500578747349637
