method,n_clusters,acc,nmi,ari
scRGCL,4,0.7728,0.789717415372095,0.7523503252640095
