method,n_clusters,acc,nmi,ari
scRGCL,7,0.6292953835473794,0.5299774660768948,0.49278078527405045
