method,n_clusters,acc,nmi,ari
scRGCL,5,0.46283500837520936,0.4563455014449808,0.2614517107415231
