method,n_clusters,acc,nmi,ari
scRGCL,6,0.7339449541284404,0.7234288791269688,0.6069498856374526
