method,n_clusters,acc,nmi,ari
scRGCL,4,0.7519322782480677,0.5572001658993276,0.5641075338650525
