method,n_clusters,ari,nmi
PCA+Leiden,15,0.5857191144859237,0.7588386285689298
PCA+Louvain,15,0.48012939532951354,0.7388894397628474
PCA+KMeans,9,0.9058465458930436,0.8616248019906864
