method,n_clusters,acc,nmi,ari
scRGCL,6,0.9114863136352008,0.9175572347132473,0.9330028830353855
