method,n_clusters,acc,nmi,ari
scRGCL,4,0.7184,0.7465589257547125,0.7148232590838174
