method,n_clusters,acc,nmi,ari
scRGCL,5,0.5894053601340034,0.5946649905605238,0.43344769950265327
