method,n_clusters,acc,nmi,ari
scRGCL,6,0.7431192660550459,0.7817801372753157,0.6387221078532767
