method,n_clusters,acc,nmi,ari
scRGCL,7,0.5963207219715376,0.5692694077097799,0.449314028503426
