method,n_clusters,acc,nmi,ari
scRGCL,5,0.8655172413793103,0.8395016590470555,0.9112941322516085
