method,n_clusters,acc,nmi,ari
scRGCL,4,0.58,0.540023284661166,0.41966435628590115
