method,n_clusters,acc,nmi,ari
scRGCL,4,0.8881481481481481,0.8133830193364622,0.8726967800605975
