method,n_clusters,acc,nmi,ari
scRGCL,6,0.3605313092979127,0.17467839757997955,0.07427945143591266
