method,n_clusters,acc,nmi,ari
scRGCL,9,0.7686145146088595,0.8020278016954658,0.6802122190061308
