method,n_clusters,acc,nmi,ari
scRGCL,14,0.49612803304078473,0.6905426070695773,0.3170838630154311
