method,n_clusters,acc,nmi,ari
scRGCL,14,0.6110957004160887,0.7155952648143256,0.5640245323330305
