method,n_clusters,acc,nmi,ari
scRGCL,4,0.7109634551495017,0.6072929815816763,0.5157812015243487
