method,n_clusters,acc,nmi,ari
scRGCL,4,0.6259259259259259,0.6169859136771157,0.46520490557484717
