method,n_clusters,acc,nmi,ari
scRGCL,7,0.6015272474835127,0.5980621833985406,0.5341411134991122
