method,n_clusters,acc,nmi,ari
scRGCL,9,0.7563619227144204,0.658543482518737,0.7359317741116792
