method,n_clusters,acc,nmi,ari
scRGCL,4,0.6762962962962963,0.6220498522138037,0.5009202846215013
