method,n_clusters,acc,nmi,ari
scRGCL,4,0.7754876702245124,0.686630701718398,0.6650670796517105
