method,n_clusters,acc,nmi,ari
scRGCL,14,0.6218097447795824,0.6652397672154731,0.5131296895223618
