method,n_clusters,acc,nmi,ari
scRGCL,14,0.531322505800464,0.7090303950693857,0.487554336790468
