method,n_clusters,acc,nmi,ari
scRGCL,5,0.6733668341708543,0.5279924864635068,0.46006253652168627
