method,n_clusters,acc,nmi,ari
scRGCL,4,0.9269102990033222,0.850986854356394,0.7831066704740347
