method,n_clusters,acc,nmi,ari
scRGCL,4,0.6007407407407407,0.5952705797669943,0.4404676514348072
