method,n_clusters,acc,nmi,ari
scRGCL,6,0.915067792274239,0.9436749180228868,0.9411739869967155
