method,n_clusters,acc,nmi,ari
scRGCL,6,0.6375711574952562,0.35925887448707544,0.38494690172056567
