method,n_clusters,acc,nmi,ari
scRGCL,14,0.568377253814147,0.5582631658429276,0.47673446031772837
