method,n_clusters,acc,nmi,ari
scRGCL,14,0.7181692094313453,0.7346912821454094,0.657848327384213
