method,n_clusters,acc,nmi,ari
scRGCL,14,0.3835828600929272,0.4092189191186468,0.17018169607727004
