method,n_clusters,acc,nmi,ari
scRGCL,14,0.5467217346411978,0.7060824196758004,0.34282343852229497
