method,n_clusters,acc,nmi,ari
scRGCL,5,0.7916666666666666,0.5198816548948818,0.5939160884539224
