method,n_clusters,acc,nmi,ari
scRGCL,9,0.6182846371347785,0.6066857217434729,0.4436138579713574
