method,n_clusters,acc,nmi,ari
scRGCL,14,0.5090152565880721,0.6682953366121238,0.4350393446679374
