method,n_clusters,acc,nmi,ari
scRGCL,4,0.6822222222222222,0.4827510739338546,0.4654436952688279
