method,n_clusters,acc,nmi,ari
scRGCL,14,0.7536454336147352,0.7732084118503435,0.6833969105243388
