method,n_clusters,acc,nmi,ari
scRGCL,14,0.4808584686774942,0.6045750553836973,0.3781132598181891
