method,n_clusters,acc,nmi,ari
scRGCL,4,0.44518272425249167,0.16882318936652807,0.12919416104324055
