method,n_clusters,ari,nmi
PCA+Leiden,11,0.17027379871020473,0.44709934472622803
PCA+Louvain,11,0.17329191780914055,0.4441508292155517
PCA+KMeans,6,0.4667113872041517,0.5160070765416784
