method,n_clusters,acc,nmi,ari
scRGCL,9,0.672478793590952,0.7123006672154182,0.5387332408819739
