method,n_clusters,acc,nmi,ari
scRGCL,5,0.8045977011494253,0.7814452738372849,0.694542293892152
