method,n_clusters,acc,nmi,ari
scRGCL,4,0.7916,0.7611357823065122,0.7390494558886483
