method,n_clusters,acc,nmi,ari
scRGCL,4,0.7632,0.7993442154976637,0.7492114628953773
