method,n_clusters,acc,nmi,ari
scRGCL,5,0.725287356321839,0.6255980697119111,0.520726535811639
