method,n_clusters,acc,nmi,ari
scRGCL,14,0.5594781273983116,0.701735072599752,0.4646590439949804
