method,n_clusters,acc,nmi,ari
scRGCL,14,0.46740638002773927,0.6228210743158161,0.4004236122796679
