method,n_clusters,acc,nmi,ari
scRGCL,4,0.6822222222222222,0.6564913347928075,0.525977876045786
