method,n_clusters,acc,nmi,ari
scRGCL,4,0.4684385382059801,0.1689805860063454,0.11709903445215769
