method,n_clusters,ari,nmi
PCA+Leiden,16,0.4145446705373212,0.6133472337397602
PCA+Louvain,16,0.44080363446159326,0.626694776994026
PCA+KMeans,7,0.7468956588112179,0.7062954880905711
