method,n_clusters,acc,nmi,ari
scRGCL,6,0.6724770642201835,0.7786930256676158,0.6289943047046714
