method,n_clusters,acc,nmi,ari
scRGCL,6,0.7779816513761468,0.7382373848550507,0.7105037386798809
