method,n_clusters,acc,nmi,ari
scRGCL,9,0.6611687087653157,0.6618179384848288,0.5208944700126134
