method,n_clusters,acc,nmi,ari
scRGCL,7,0.831655675112808,0.7026893611146215,0.7771562891254996
