method,n_clusters,acc,nmi,ari
scRGCL,14,0.3404872389791183,0.4287533024651332,0.21911005829563196
