method,n_clusters,acc,nmi,ari
scRGCL,9,0.7558906691800189,0.7663018662081695,0.7646290552852066
