method,n_clusters,acc,nmi,ari
scRGCL,7,0.7632766400555363,0.6847482998182182,0.6648456786835673
