method,n_clusters,acc,nmi,ari
scRGCL,14,0.4635456638526477,0.5318090905511126,0.32136698575967876
