method,n_clusters,acc,nmi,ari
scRGCL,6,0.7382962394474291,0.7969344946000868,0.7269031119463699
