method,n_clusters,acc,nmi,ari
scRGCL,14,0.7575406032482599,0.7442766298424685,0.6764517521436166
