method,n_clusters,acc,nmi,ari
scRGCL,14,0.5272448196469686,0.6867008188705134,0.4671152512917075
