method,n_clusters,acc,nmi,ari
scRGCL,6,0.781018163213098,0.7417408381706833,0.686762530426519
