method,n_clusters,acc,nmi,ari
scRGCL,4,0.45514950166112955,0.14004635766179885,0.09862784027617447
