method,n_clusters,acc,nmi,ari
scRGCL,4,0.8438538205980066,0.7855635140561555,0.7875450715428144
