method,n_clusters,acc,nmi,ari
scRGCL,14,0.7156726768377254,0.768130606028383,0.6880921565036875
