method,n_clusters,acc,nmi,ari
scRGCL,14,0.6154292343387471,0.7397313673515378,0.514198192121603
