method,n_clusters,acc,nmi,ari
scRGCL,4,0.7342192691029901,0.678443213149241,0.6217687021978284
