method,n_clusters,acc,nmi,ari
scRGCL,6,0.8403669724770643,0.80662765589273,0.853215028552408