method,n_clusters,acc,nmi,ari
scRGCL,6,0.6605504587155964,0.7189975236984999,0.5718844841372027
