method,n_clusters,acc,nmi,ari
scRGCL,4,0.867109634551495,0.7628069558792576,0.7126669781988275
