method,n_clusters,acc,nmi,ari
scRGCL,14,0.6020881670533643,0.6911391475285926,0.5367793501713908
