method,n_clusters,acc,nmi,ari
scRGCL,14,0.659247889485802,0.7459524779363724,0.570708920476683
