method,n_clusters,acc,nmi,ari
scRGCL,4,0.6940740740740741,0.634846217738594,0.5354151201277746
