method,n_clusters,acc,nmi,ari
scRGCL,5,0.5280569514237856,0.45018163594495425,0.2658015767701382
