method,n_clusters,acc,nmi,ari
scRGCL,4,0.7946264262053736,0.623840691967304,0.6248909591989557
