method,n_clusters,acc,nmi,ari
scRGCL,6,0.8802762854950115,0.8596118126283107,0.8645068171103357
