method,n_clusters,acc,nmi,ari
scRGCL,4,0.6555555555555556,0.6221393293383587,0.5177257559112963
