method,n_clusters,acc,nmi,ari
scRGCL,6,0.4667931688804554,0.3220209025351713,0.2075143668475061
