method,n_clusters,acc,nmi,ari
scRGCL,4,0.698,0.6824374091398214,0.6587171109126831
