method,n_clusters,acc,nmi,ari
scRGCL,6,0.544954128440367,0.604989238140852,0.4112336159752075
