method,n_clusters,acc,nmi,ari
scRGCL,5,0.5586206896551724,0.5374520836193504,0.39595525848883345
