method,n_clusters,acc,nmi,ari
scRGCL,7,0.5688996876084693,0.5599363072299424,0.42274158677711365
