method,n_clusters,acc,nmi,ari
scRGCL,7,0.7480041652204096,0.6110427863903489,0.6331764190130651
