method,n_clusters,acc,nmi,ari
scRGCL,4,0.6837037037037037,0.6592736210304532,0.5457610882420055
