method,n_clusters,acc,nmi,ari
scRGCL,6,0.9664875927347147,0.899776320792043,0.9395598184180665
