method,n_clusters,acc,nmi,ari
scRGCL,4,0.8248067721751933,0.7523957708277342,0.7605738089178017
