method,n_clusters,acc,nmi,ari
scRGCL,14,0.48210818307905684,0.6756495531037641,0.42630436583088055
