method,n_clusters,acc,nmi,ari
scRGCL,6,0.8063443335891533,0.7660402040836112,0.7794116686882239
