method,n_clusters,acc,nmi,ari
scRGCL,6,0.9137886927602967,0.9291418392847466,0.9367333890232699
