method,n_clusters,acc,nmi,ari
scRGCL,14,0.4495359628770302,0.46379849462513784,0.274504148437748
