method,n_clusters,acc,nmi,ari
scRGCL,7,0.742103436306838,0.5990131168845374,0.6683619037058653
