method,n_clusters,acc,nmi,ari
scRGCL,14,0.5993804852865255,0.7450588113918456,0.4009958162477821
