method,n_clusters,acc,nmi,ari
scRGCL,9,0.5692742695570217,0.651876367345271,0.44755624492864515
