method,n_clusters,acc,nmi,ari
scRGCL,14,0.680998613037448,0.7531523424685153,0.627429411628495
