method,n_clusters,acc,nmi,ari
scRGCL,14,0.4414042333505421,0.4381261163220947,0.19683955674139234
