method,n_clusters,acc,nmi,ari
scRGCL,5,0.7091954022988506,0.7612876339768087,0.6388857697033697
