method,n_clusters,acc,nmi,ari
scRGCL,7,0.7011454356126345,0.5736627940087718,0.6862263069560245
