method,n_clusters,acc,nmi,ari
scRGCL,6,0.7027522935779816,0.6763542790154411,0.5511349646586542
