method,n_clusters,acc,nmi,ari
scRGCL,14,0.6461716937354989,0.7480478805080718,0.5732905374998516
