method,n_clusters,acc,nmi,ari
scRGCL,4,0.7022222222222222,0.6374958381388808,0.5531581083486343
