method,n_clusters,acc,nmi,ari
scRGCL,5,0.7448275862068966,0.7491439636547277,0.6255001066282245
