method,n_clusters,acc,nmi,ari
scRGCL,4,0.694516010305484,0.46442241580226884,0.4608110848730793
