method,n_clusters,acc,nmi,ari
scRGCL,14,0.5172947857511616,0.6511703650100962,0.4155900720674645
