method,n_clusters,acc,nmi,ari
scRGCL,6,0.4060721062618596,0.16893293436633963,0.10914299982551268
