method,n_clusters,acc,nmi,ari
scRGCL,6,0.47248576850094876,0.225933342450339,0.13112699453167728
