method,n_clusters,acc,nmi,ari
scRGCL,9,0.7148916116870877,0.7300599401301974,0.6639522022199179
