method,n_clusters,acc,nmi,ari
scRGCL,6,0.6862385321100918,0.7330254681189942,0.5643002907070791
