method,n_clusters,acc,nmi,ari
scRGCL,5,0.7126436781609196,0.7910146017034984,0.6588956350783408
