method,n_clusters,acc,nmi,ari
scRGCL,14,0.467733608673206,0.5910814090022043,0.2654527476075977
