method,n_clusters,acc,nmi,ari
scRGCL,4,0.8456,0.8286823316835057,0.804269153700047
