method,n_clusters,acc,nmi,ari
scRGCL,14,0.6960859554873369,0.7416639137903265,0.6164689914217641
