method,n_clusters,acc,nmi,ari
scRGCL,4,0.8837209302325582,0.7700874090988816,0.7992325132560084
