method,n_clusters,acc,nmi,ari
scRGCL,9,0.7752120640904807,0.7756582423317534,0.7860003701723366
