method,n_clusters,acc,nmi,ari
scRGCL,4,0.7704,0.7736120548682447,0.7498940738598681
