method,n_clusters,ari,nmi
PCA+Leiden,13,0.22536032823055005,0.5315602266939589
PCA+Louvain,10,0.31190957470113356,0.583766693856001
PCA+KMeans,4,0.9752707725010827,0.9465161631306815
