method,n_clusters,acc,nmi,ari
scRGCL,5,0.9083961474036851,0.6940796901383247,0.8342541399040491
