method,n_clusters,acc,nmi,ari
scRGCL,4,0.9833887043189369,0.9536049008124253,0.977903870733111
