method,n_clusters,acc,nmi,ari
scRGCL,4,0.8089804931910195,0.7423224694486882,0.7495237903974658
