method,n_clusters,acc,nmi,ari
scRGCL,14,0.7558945908460472,0.7931822453165942,0.7860952248943018
