method,n_clusters,acc,nmi,ari
scRGCL,4,0.5880398671096345,0.6386321333288096,0.43340364541269855
