method,n_clusters,acc,nmi,ari
scRGCL,14,0.8352288488210818,0.8325870986890838,0.8445044701212049