method,n_clusters,acc,nmi,ari
scRGCL,5,0.7528735632183908,0.7463852186783906,0.699391788766588
