method,n_clusters,acc,nmi,ari
scRGCL,5,0.5586264656616415,0.5113840878049576,0.40226345421482174
