method,n_clusters,ari,nmi
PCA+Leiden,8,0.5702490393442303,0.754549821802986
PCA+Louvain,6,0.6634125247772031,0.8183965909074188
PCA+KMeans,5,0.9724332125968265,0.9590017356453221
