method,n_clusters,acc,nmi,ari
scRGCL,14,0.29756380510440833,0.2613209479405496,0.13508432751466448
