method,n_clusters,acc,nmi,ari
scRGCL,14,0.6084686774941995,0.753227183221316,0.50114730750216
