method,n_clusters,acc,nmi,ari
scRGCL,4,0.6607407407407407,0.6377993347636891,0.5233478613915334
