method,n_clusters,acc,nmi,ari
scRGCL,6,0.681214421252372,0.42048644590872086,0.4893143275014813
