method,n_clusters,acc,nmi,ari
scRGCL,4,0.5274074074074074,0.4849694459586197,0.2879704337014177
