method,n_clusters,acc,nmi,ari
scRGCL,14,0.6218097447795824,0.6839049928689855,0.5232264233391714
