method,n_clusters,acc,nmi,ari
scRGCL,6,0.571157495256167,0.31082067910817346,0.3261745877075554
