method,n_clusters,acc,nmi,ari
scRGCL,4,0.6451969083548031,0.3574600850471085,0.38013699772072146
