method,n_clusters,acc,nmi,ari
scRGCL,6,0.772831926323868,0.7566810510976678,0.7215451817768386
