method,n_clusters,acc,nmi,ari
scRGCL,9,0.7917059377945335,0.7480033782931986,0.7780066284311734
