method,n_clusters,acc,nmi,ari
scRGCL,6,0.902788436940394,0.913929720131893,0.9143836440315154
