method,n_clusters,acc,nmi,ari
scRGCL,6,0.5749525616698292,0.35387288121089416,0.3204344574070448
