method,n_clusters,acc,nmi,ari
scRGCL,6,0.8311588641596316,0.7741230663810894,0.7974066961252292
