method,n_clusters,acc,nmi,ari
scRGCL,5,0.7126436781609196,0.8000754464620182,0.6510166326962465
