method,n_clusters,acc,nmi,ari
scRGCL,14,0.8052704576976422,0.7802502696532828,0.7697650296916118
