method,n_clusters,acc,nmi,ari
scRGCL,14,0.5054207537429014,0.6492487830533553,0.3296046363120234
