method,n_clusters,acc,nmi,ari
scRGCL,6,0.8802762854950115,0.8305403549437116,0.8785594653418601
