method,n_clusters,acc,nmi,ari
scRGCL,5,0.6612227805695142,0.5038549873335133,0.4028961208358541
