method,n_clusters,acc,nmi,ari
scRGCL,6,0.43453510436432635,0.2649768172441328,0.16728440293116134
