method,n_clusters,acc,nmi,ari
scRGCL,4,0.8071402281928598,0.6373174873335439,0.6149892008996356
