method,n_clusters,acc,nmi,ari
scRGCL,14,0.632830626450116,0.7184585804459945,0.5163930438864017
