method,n_clusters,acc,nmi,ari
scRGCL,14,0.554981930820857,0.720106704501365,0.38612891234930635
