method,n_clusters,acc,nmi,ari
scRGCL,9,0.8289349670122526,0.7898879058194104,0.7212524121724926
