method,n_clusters,acc,nmi,ari
scRGCL,14,0.5452436194895591,0.6401162946060106,0.43209274664955394
