method,n_clusters,acc,nmi,ari
scRGCL,4,0.7044444444444444,0.6884000545674727,0.5492056973076536
