method,n_clusters,acc,nmi,ari
scRGCL,4,0.97,0.9486627078508985,0.9834333817534983
