method,n_clusters,acc,nmi,ari
scRGCL,14,0.5585957666494579,0.7033740185891163,0.34913469929812585
