method,n_clusters,acc,nmi,ari
scRGCL,5,0.6772403685092128,0.5215199419577057,0.44969043820323906
