method,n_clusters,acc,nmi,ari
scRGCL,14,0.7145049884881044,0.7774991704876595,0.6334501953029065
