method,n_clusters,acc,nmi,ari
scRGCL,7,0.7351614022908712,0.6508471806792524,0.6793055166903905
