method,n_clusters,acc,nmi,ari
scRGCL,14,0.4682498709344347,0.6569169411566804,0.33025739982572033
