method,n_clusters,acc,nmi,ari
scRGCL,6,0.7815298030186748,0.8218699485923986,0.7660429361661424
