method,n_clusters,acc,nmi,ari
scRGCL,5,0.6459770114942529,0.7014072091750052,0.5484608746578106
