method,n_clusters,acc,nmi,ari
scRGCL,5,0.8809673366834171,0.635229126034224,0.8038258063349477
