method,n_clusters,acc,nmi,ari
scRGCL,6,0.5464895635673624,0.21466824116679303,0.26352586780492465
