method,n_clusters,acc,nmi,ari
scRGCL,5,0.6942528735632184,0.7341349550760272,0.6308866529707278
