method,n_clusters,acc,nmi,ari
scRGCL,5,0.5112018425460636,0.5170535110576832,0.3018895502298172
