method,n_clusters,acc,nmi,ari
scRGCL,14,0.33614735226400616,0.35085882763026716,0.17993139633549918
