method,n_clusters,acc,nmi,ari
scRGCL,6,0.6527514231499051,0.40009479773720413,0.4624899810296274
