method,n_clusters,acc,nmi,ari
scRGCL,14,0.6838066001534919,0.7653924896793757,0.5823374932011517
