method,n_clusters,acc,nmi,ari
scRGCL,5,0.611285594639866,0.5369376708208796,0.4291320293334486
