method,n_clusters,acc,nmi,ari
scRGCL,4,0.7088,0.6361175448179252,0.6286838702764573
