method,n_clusters,acc,nmi,ari
scRGCL,14,0.5272448196469686,0.6828106750627617,0.4682358083605784
