method,n_clusters,acc,nmi,ari
scRGCL,6,0.5502846299810247,0.31677352703699196,0.3536689499336962
