method,n_clusters,acc,nmi,ari
scRGCL,4,0.8255428781744572,0.7454830776770688,0.7626439234904694
