method,n_clusters,acc,nmi,ari
scRGCL,6,0.6223908918406073,0.39435846793094054,0.40243942035271935
