method,n_clusters,acc,nmi,ari
scRGCL,4,0.7588,0.8110943143253967,0.7554482316935358
