method,n_clusters,acc,nmi,ari
scRGCL,9,0.8213949104618284,0.7798214419777173,0.7227058771664848
