method,n_clusters,acc,nmi,ari
scRGCL,4,0.819654030180346,0.7443828149522387,0.7568440922564
