method,n_clusters,ari,nmi
PCA+Leiden,14,0.5693148195709776,0.7812815879393934
PCA+Louvain,13,0.5518784604081418,0.7956315009769529
PCA+KMeans,14,0.9099541006275601,0.8958105133661245
