method,n_clusters,acc,nmi,ari
scRGCL,4,0.8295914611704085,0.789149410039465,0.7902593347376936
