method,n_clusters,acc,nmi,ari
scRGCL,7,0.8132592849704964,0.6988247254543684,0.7231241961962057
