method,n_clusters,acc,nmi,ari
scRGCL,5,0.48304020100502515,0.4514723406669749,0.2588469603099156
