method,n_clusters,acc,nmi,ari
scRGCL,6,0.908256880733945,0.8911833748422909,0.9308493865244667
