method,n_clusters,acc,nmi,ari
scRGCL,4,0.6681481481481482,0.5745617459139897,0.49716780233854097
