method,n_clusters,acc,nmi,ari
scRGCL,4,0.893687707641196,0.8444225400494412,0.861847142318593
