method,n_clusters,acc,nmi,ari
scRGCL,4,0.4795730585204269,0.27442432872629896,0.23308601696102754
