method,n_clusters,acc,nmi,ari
scRGCL,7,0.7469628601180146,0.6154852697283177,0.7030765606177841
