method,n_clusters,acc,nmi,ari
scRGCL,14,0.7373092926490985,0.7474183841385799,0.6910835974592654
