method,n_clusters,acc,nmi,ari
scRGCL,6,0.3795066413662239,0.2010037837054999,0.11787618125977659
