method,n_clusters,acc,nmi,ari
scRGCL,6,0.710091743119266,0.6911530814770334,0.5287776877216225
