method,n_clusters,acc,nmi,ari
scRGCL,5,0.771264367816092,0.809725603089963,0.6801972351765686
