method,n_clusters,acc,nmi,ari
scRGCL,6,0.7485290355589664,0.7965955090661653,0.747636823969356
