method,n_clusters,acc,nmi,ari
scRGCL,6,0.8385321100917431,0.8013743931804711,0.8424696927005066
