method,n_clusters,acc,nmi,ari
scRGCL,5,0.8344827586206897,0.7884459937988582,0.8455428339498893
