method,n_clusters,acc,nmi,ari
scRGCL,14,0.5152297367062467,0.6320461002162675,0.49304112328317307
