method,n_clusters,acc,nmi,ari
scRGCL,6,0.5313092979127134,0.4065995126356623,0.31555708864311766
