method,n_clusters,acc,nmi,ari
scRGCL,14,0.5229736706246774,0.6297730998891056,0.4340787786744535
