method,n_clusters,acc,nmi,ari
scRGCL,5,0.8333333333333334,0.8243446478143273,0.7444308402687876