method,n_clusters,acc,nmi,ari
scRGCL,5,0.5238693467336684,0.5359973465230529,0.30576550985834167
