method,n_clusters,acc,nmi,ari
scRGCL,6,0.8394495412844036,0.8069573634088294,0.8483320814136344
