method,n_clusters,acc,nmi,ari
scRGCL,4,0.6666666666666666,0.6315094358849307,0.5044246742017916
