method,n_clusters,acc,nmi,ari
scRGCL,14,0.7337587006960556,0.717057057270795,0.6796877115228553
