method,n_clusters,acc,nmi,ari
scRGCL,7,0.638320027768136,0.5764962558244981,0.5363361334007051
