method,n_clusters,acc,nmi,ari
scRGCL,5,0.8097780569514238,0.5986538474257452,0.6136081783387751
