method,n_clusters,acc,nmi,ari
scRGCL,14,0.5547850208044383,0.7031670998719679,0.507206657662798
