method,n_clusters,acc,nmi,ari
scRGCL,4,0.7559808612440191,0.6648416294696499,0.638102693813231
