method,n_clusters,acc,nmi,ari
scRGCL,4,0.7142857142857143,0.5858925544345849,0.5394887919244221
