method,n_clusters,acc,nmi,ari
scRGCL,6,0.7660550458715596,0.7432214823641458,0.7024951253832451
