method,n_clusters,acc,nmi,ari
scRGCL,14,0.6040268456375839,0.6902292067905907,0.392851310162532
