method,n_clusters,acc,nmi,ari
scRGCL,4,0.9302325581395349,0.8322056745828537,0.8073823739294201
