method,n_clusters,acc,nmi,ari
scRGCL,5,0.6425287356321839,0.6056708306412495,0.47068931568882677
