method,n_clusters,acc,nmi,ari
scRGCL,14,0.6308724832214765,0.7654966519390328,0.4169596001024604
