method,n_clusters,acc,nmi,ari
scRGCL,14,0.601508120649652,0.6738787632370736,0.47726157628447236
