method,n_clusters,acc,nmi,ari
scRGCL,4,0.7508305647840532,0.6413988123490973,0.5225438466029099
