method,n_clusters,acc,nmi,ari
scRGCL,9,0.675306314797361,0.7111439678855636,0.6071758067771336
