method,n_clusters,acc,nmi,ari
scRGCL,14,0.4579246257098606,0.621193018182014,0.35768364353314724
