method,n_clusters,acc,nmi,ari
scRGCL,5,0.6048994974874372,0.4500834976556939,0.32899626825786843
