method,n_clusters,acc,nmi,ari
scRGCL,5,0.5923366834170855,0.49478870354621773,0.31963390991530294
