method,n_clusters,acc,nmi,ari
scRGCL,4,0.6814814814814815,0.643935307878267,0.5356362376393695
