method,n_clusters,acc,nmi,ari
scRGCL,4,0.7844,0.805825144381213,0.762161312861488
