method,n_clusters,acc,nmi,ari
scRGCL,4,0.7142857142857143,0.5754615185006242,0.5307914973121102
