method,n_clusters,acc,nmi,ari
scRGCL,4,0.6511111111111111,0.5265249656244454,0.45461566512128176
