method,n_clusters,acc,nmi,ari
scRGCL,14,0.4389869531849578,0.5291171538890952,0.3502689758267283
