method,n_clusters,acc,nmi,ari
scRGCL,4,0.8152373941847626,0.7418861722474204,0.7424259409864185
