method,n_clusters,acc,nmi,ari
scRGCL,7,0.7372440124956612,0.6222885933787506,0.6704507756665082
