method,n_clusters,acc,nmi,ari
scRGCL,6,0.7723202865182911,0.7393788567035532,0.7087155048960058
