method,n_clusters,acc,nmi,ari
scRGCL,5,0.9256700167504187,0.7161733073913281,0.869454779935891
