method,n_clusters,acc,nmi,ari
scRGCL,5,0.9421063651591289,0.7890402135016054,0.8995817260574593