method,n_clusters,acc,nmi,ari
scRGCL,6,0.6204933586337761,0.3465209082216721,0.4019956352696215
