method,n_clusters,acc,nmi,ari
scRGCL,4,0.6312292358803987,0.4442599116829699,0.41946928265916106
