method,n_clusters,acc,nmi,ari
scRGCL,4,0.771071034228929,0.7052523164132707,0.6861774030164216
