method,n_clusters,acc,nmi,ari
scRGCL,14,0.5580795043882292,0.7222759138527691,0.3472016979331246
