method,n_clusters,acc,nmi,ari
scRGCL,9,0.8459000942507069,0.8169985080891463,0.7463430724712453
