method,n_clusters,acc,nmi,ari
scRGCL,5,0.6252873563218391,0.5382092460415566,0.35989200955909767
