method,n_clusters,acc,nmi,ari
scRGCL,6,0.4629981024667932,0.3368606270665407,0.2150724784161298
