method,n_clusters,acc,nmi,ari
scRGCL,5,0.8860971524288107,0.6368246308914146,0.8266492234391386
