method,n_clusters,acc,nmi,ari
scRGCL,4,0.7807308970099668,0.8389106844687573,0.7529583760692234
