method,n_clusters,acc,nmi,ari
scRGCL,14,0.5533980582524272,0.697102285409491,0.47607161881201454
