method,n_clusters,acc,nmi,ari
scRGCL,5,0.725287356321839,0.7353276586466397,0.599465315928678
