method,n_clusters,acc,nmi,ari
scRGCL,4,0.7528,0.8050296489777302,0.7629828084847264
