method,n_clusters,acc,nmi,ari
scRGCL,6,0.9153236121770274,0.9434349981632568,0.941442829101142
