method,n_clusters,acc,nmi,ari
scRGCL,14,0.38918169209431347,0.4282795024456298,0.2581324863701162
