method,n_clusters,acc,nmi,ari
scRGCL,14,0.6861948955916474,0.7387140883098923,0.6143718787273045
