method,n_clusters,acc,nmi,ari
scRGCL,5,0.7091954022988506,0.6042232274157784,0.5184661069436985
