method,n_clusters,acc,nmi,ari
scRGCL,4,0.7692,0.7895627898902553,0.7502115834899321
