method,n_clusters,acc,nmi,ari
scRGCL,14,0.3469282395456892,0.3473303295322138,0.1663288346272523
