method,n_clusters,acc,nmi,ari
scRGCL,6,0.8961371194678946,0.8995998688920883,0.9022433793684562
