method,n_clusters,acc,nmi,ari
scRGCL,14,0.481672689726381,0.6084412059662965,0.2727559637709015
