method,n_clusters,acc,nmi,ari
scRGCL,4,0.8039867109634552,0.8379198245417748,0.7477832592442164
