method,n_clusters,acc,nmi,ari
scRGCL,14,0.4233350542075374,0.6230735444097667,0.29502131732237946
