method,n_clusters,acc,nmi,ari
scRGCL,6,0.38519924098671726,0.17350575388964218,0.11007750420237662
