method,n_clusters,acc,nmi,ari
scRGCL,14,0.500774393391843,0.6748152839564338,0.3160580444268496
