method,n_clusters,acc,nmi,ari
scRGCL,4,0.758,0.7928255448966364,0.745287717419319
