method,n_clusters,acc,nmi,ari
scRGCL,14,0.40216830149716054,0.5045213267616793,0.21341006930598183
