method,n_clusters,acc,nmi,ari
scRGCL,14,0.5442441054091539,0.6183902076543168,0.42067530703813855
