method,n_clusters,acc,nmi,ari
scRGCL,4,0.7906976744186046,0.7718132913535839,0.7140928155973723
