method,n_clusters,acc,nmi,ari
scRGCL,9,0.7662582469368521,0.7922788935816831,0.6490622159279599
