method,n_clusters,acc,nmi,ari
scRGCL,6,0.6603415559772297,0.3213707878858052,0.5128860309335062
