method,n_clusters,acc,nmi,ari
scRGCL,6,0.7541284403669725,0.8193177458575742,0.685329398477616
