method,n_clusters,acc,nmi,ari
scRGCL,14,0.5548733691481197,0.6793969436422966,0.43453887060761287
