method,n_clusters,acc,nmi,ari
scRGCL,5,0.6057471264367816,0.6179517886994449,0.48358589301039767
