method,n_clusters,acc,nmi,ari
scRGCL,9,0.8147973609802074,0.8025543960949483,0.7481310976959027
