method,n_clusters,acc,nmi,ari
scRGCL,4,0.8604651162790697,0.6946041180003205,0.7494444400743642
