method,n_clusters,acc,nmi,ari
scRGCL,6,0.7221795855717574,0.7978753749157101,0.6903031845258342
