method,n_clusters,acc,nmi,ari
scRGCL,14,0.5049884881043745,0.6163957411114592,0.3568111729523155
