method,n_clusters,acc,nmi,ari
scRGCL,14,0.52194114610222,0.6604717344022708,0.3025029789998883
