method,n_clusters,acc,nmi,ari
scRGCL,14,0.5081830790568654,0.6593058906254318,0.43697829505379404
