method,n_clusters,acc,nmi,ari
scRGCL,4,0.8078763341921237,0.7019136682529323,0.6868116451981624
