method,n_clusters,acc,nmi,ari
scRGCL,14,0.4305627258647393,0.6332255651355759,0.33409571531775406
