method,n_clusters,acc,nmi,ari
scRGCL,4,0.7816,0.7979087130970202,0.7576715159910473
