method,n_clusters,acc,nmi,ari
scRGCL,6,0.9401381427475057,0.8342956835535275,0.8743823174692275
