method,n_clusters,acc,nmi,ari
scRGCL,6,0.5863377609108159,0.36013939070629436,0.3640143077177967
