method,n_clusters,acc,nmi,ari
scRGCL,14,0.5631067961165048,0.6870711998657317,0.5448336223026929
