method,n_clusters,acc,nmi,ari
scRGCL,4,0.8524107471475892,0.7955068050498976,0.7842569954646207
