method,n_clusters,acc,nmi,ari
scRGCL,5,0.6344827586206897,0.5253431528933665,0.45726617481166104
