method,n_clusters,acc,nmi,ari
scRGCL,14,0.7459084604715672,0.7672814672606865,0.6949910971585118
