method,n_clusters,acc,nmi,ari
scRGCL,14,0.43411927877947293,0.4587485769201779,0.2800193679917137
