method,n_clusters,acc,nmi,ari
scRGCL,7,0.5203054494967025,0.5646267398774379,0.4253606131266053
