method,n_clusters,acc,nmi,ari
scRGCL,7,0.5480735855605693,0.4727259712114308,0.377231059506929
