method,n_clusters,acc,nmi,ari
scRGCL,6,0.7298541826554106,0.7389609224651693,0.6461987322047398
