method,n_clusters,acc,nmi,ari
scRGCL,4,0.8044,0.8119158420502551,0.7723091317500096
