method,n_clusters,acc,nmi,ari
scRGCL,6,0.6743119266055045,0.7042894602761024,0.548717636932307
