method,n_clusters,acc,nmi,ari
scRGCL,4,0.7672,0.7935010716548406,0.7578188489566657
