method,n_clusters,acc,nmi,ari
scRGCL,14,0.627030162412993,0.7476685654497436,0.5942392148482692