method,n_clusters,acc,nmi,ari
scRGCL,4,0.7652,0.786368266518674,0.7481285999618139
