method,n_clusters,acc,nmi,ari
scRGCL,4,0.8644,0.8399145754222511,0.823690981320341
