method,n_clusters,acc,nmi,ari
scRGCL,14,0.5286525554981931,0.6831319036923941,0.32970019570825687
