method,n_clusters,ari,nmi
PCA+Leiden,7,0.7905947621447809,0.7942781018716369
PCA+Louvain,7,0.7967715483028046,0.8018273322059347
PCA+KMeans,4,0.8068297422906231,0.8056016289897382
