method,n_clusters,acc,nmi,ari
scRGCL,14,0.7495145631067961,0.7686626847507403,0.7064715415699151
