method,n_clusters,acc,nmi,ari
scRGCL,14,0.5771812080536913,0.6684188068994987,0.5441665013674987