method,n_clusters,acc,nmi,ari
scRGCL,14,0.3636890951276102,0.3999434477591742,0.16519860659086952
