method,n_clusters,acc,nmi,ari
scRGCL,6,0.715370018975332,0.4554059708648733,0.5651050770535838
