method,n_clusters,acc,nmi,ari
scRGCL,4,0.7311111111111112,0.5868368780770263,0.4279342623545513
