method,n_clusters,acc,nmi,ari
scRGCL,6,0.7394495412844037,0.7479098322288315,0.6661451402330346
