method,n_clusters,acc,nmi,ari
scRGCL,14,0.5764216366158114,0.7358881495749096,0.5455128408895084
