method,n_clusters,acc,nmi,ari
scRGCL,6,0.5218216318785579,0.21866220815708012,0.24995811293158546
