method,n_clusters,acc,nmi,ari
scRGCL,14,0.7513430544896393,0.7562711088265726,0.7308468581767757
