method,n_clusters,acc,nmi,ari
scRGCL,4,0.702962962962963,0.603818007984226,0.5223129651318642
