method,n_clusters,acc,nmi,ari
scRGCL,14,0.5893271461716937,0.7054680965628426,0.5215054125242616
