method,n_clusters,acc,nmi,ari
scRGCL,4,0.804,0.7623644406723885,0.7519249095699329
