method,n_clusters,acc,nmi,ari
scRGCL,14,0.37452033768227166,0.3756871924967352,0.21362379739550622
