method,n_clusters,acc,nmi,ari
scRGCL,14,0.4681504221028396,0.5804688560727189,0.33967189369121903
