method,n_clusters,acc,nmi,ari
scRGCL,4,0.7043189368770764,0.7224677268454931,0.601102570794042
