method,n_clusters,acc,nmi,ari
scRGCL,7,0.5897257896563693,0.4732535416507455,0.39929973148021625
