method,n_clusters,acc,nmi,ari
scRGCL,4,0.7471475892528524,0.5925604560313672,0.5369320382814234
