method,n_clusters,acc,nmi,ari
scRGCL,5,0.7632183908045977,0.6854702790728455,0.618607572331781
