method,n_clusters,acc,nmi,ari
scRGCL,4,0.8696296296296296,0.6710875046975326,0.7660289531855387