method,n_clusters,acc,nmi,ari
scRGCL,7,0.8538701839639015,0.7244905920653568,0.763622113631328
