method,n_clusters,acc,nmi,ari
scRGCL,5,0.7804597701149425,0.7536609703546914,0.7384118546771467
