method,n_clusters,acc,nmi,ari
scRGCL,14,0.4481964696853415,0.4686383252315558,0.296949122946618
