method,n_clusters,acc,nmi,ari
scRGCL,4,0.8303275671696725,0.7026919249898501,0.7118519063981898
