method,n_clusters,acc,nmi,ari
scRGCL,9,0.8044297832233742,0.7713449973838447,0.7291808968562041
