method,n_clusters,acc,nmi,ari
scRGCL,9,0.7884071630537229,0.8164106269248728,0.6968779507114109
