method,n_clusters,acc,nmi,ari
scRGCL,14,0.6661550268610897,0.752167519366671,0.5598251329591825
