method,n_clusters,acc,nmi,ari
scRGCL,4,0.654074074074074,0.6531120426966183,0.5081626493499065
