method,n_clusters,acc,nmi,ari
scRGCL,6,0.7660550458715596,0.7860583207534613,0.6702165874458199
