method,n_clusters,acc,nmi,ari
scRGCL,9,0.7412818096135722,0.7357641659064783,0.6205381832446575
