method,n_clusters,acc,nmi,ari
scRGCL,5,0.7689655172413793,0.8091386523658417,0.679357023230644
