method,n_clusters,acc,nmi,ari
scRGCL,6,0.9064220183486239,0.8815848236849453,0.9213682290726826
