method,n_clusters,acc,nmi,ari
scRGCL,14,0.36293236964377906,0.3809135562837717,0.14466413154793015
