method,n_clusters,acc,nmi,ari
scRGCL,5,0.5643678160919541,0.5857721313379743,0.46025616085013765
