method,n_clusters,acc,nmi,ari
scRGCL,4,0.7408637873754153,0.8350249898538376,0.7407106461863452
