method,n_clusters,acc,nmi,ari
scRGCL,4,0.7940199335548173,0.848244614305948,0.7920806177400738
