method,n_clusters,acc,nmi,ari
scRGCL,4,0.7677585572322414,0.5976442528422953,0.5716784498120229
