method,n_clusters,acc,nmi,ari
scRGCL,6,0.4478178368121442,0.2865661369830876,0.2227183348594747
