method,n_clusters,acc,nmi,ari
scRGCL,14,0.6185725249424405,0.7171631858743189,0.5196514313702043
