method,n_clusters,acc,nmi,ari
scRGCL,14,0.3016116653875672,0.28347097190333237,0.13459683333054426
