method,n_clusters,acc,nmi,ari
scRGCL,5,0.6613274706867671,0.5612770623806134,0.44869498241206474
