method,n_clusters,acc,nmi,ari
scRGCL,9,0.8713477851083883,0.8118404889650546,0.8705054962371136
