method,n_clusters,acc,nmi,ari
scRGCL,14,0.6371705963938974,0.6952375496359569,0.5696862916997472
