method,n_clusters,acc,nmi,ari
scRGCL,14,0.42900997697620874,0.5180608205244815,0.31170718287774796
