method,n_clusters,acc,nmi,ari
scRGCL,14,0.4814385150812065,0.6720362496891973,0.4023337785471792
