method,n_clusters,acc,nmi,ari
scRGCL,6,0.3396584440227704,0.1314040656480018,0.06516075827233711
