method,n_clusters,acc,nmi,ari
scRGCL,5,0.7459770114942529,0.7456798392888505,0.6869594796222136
