method,n_clusters,acc,nmi,ari
scRGCL,80,0.3798332614632744,0.737464503429216,0.25796526665403613
