method,n_clusters,acc,nmi,ari
scRGCL,6,0.9128440366972477,0.900897657100815,0.9399410512784497
