method,n_clusters,ari,nmi
PCA+Leiden,9,0.51546429309901,0.77812736747352
PCA+Louvain,9,0.5204535253007532,0.7798106269902754
PCA+KMeans,6,0.9684317235646978,0.9535974583122699
