method,n_clusters,acc,nmi,ari
scRGCL,5,0.8597701149425288,0.8414248803115981,0.9081606300356037
