method,n_clusters,acc,nmi,ari
scRGCL,4,0.9003322259136213,0.832770985321799,0.8349305589071434
