method,n_clusters,acc,nmi,ari
scRGCL,6,0.5628037861345613,0.6865827444315877,0.5446342437246706
