method,n_clusters,acc,nmi,ari
scRGCL,14,0.37819025522041766,0.38978529634501946,0.20373468431715677
