method,n_clusters,acc,nmi,ari
scRGCL,4,0.805668016194332,0.7306639001987645,0.718230729442916
