method,n_clusters,acc,nmi,ari
scRGCL,4,0.8970099667774086,0.7563504194026606,0.7985877946378103
