method,n_clusters,acc,nmi,ari
scRGCL,4,0.7444,0.7902617203861828,0.7548687210481438
