method,n_clusters,acc,nmi,ari
scRGCL,14,0.5348477026329376,0.6895297835998593,0.3276865195760999
