method,n_clusters,acc,nmi,ari
scRGCL,6,0.34535104364326374,0.1958339089268969,0.10326337602276313
