method,n_clusters,acc,nmi,ari
scRGCL,4,0.6677740863787376,0.628014853180345,0.5093865381337873
