method,n_clusters,acc,nmi,ari
scRGCL,9,0.7370405278039586,0.756725379043671,0.6533415528791262
