method,n_clusters,acc,nmi,ari
scRGCL,14,0.4563758389261745,0.5946069603560189,0.31410014765193783
