method,n_clusters,acc,nmi,ari
scRGCL,6,0.6793168880455408,0.40371059844929036,0.5964425932308347
