method,n_clusters,acc,nmi,ari
scRGCL,14,0.6761320030698388,0.7475619134634948,0.5925679223514276
