method,n_clusters,acc,nmi,ari
scRGCL,4,0.7840531561461794,0.6685309745969075,0.5972157943694681
