method,n_clusters,acc,nmi,ari
scRGCL,6,0.6869070208728653,0.42818406537218834,0.5131313635998772
