method,n_clusters,acc,nmi,ari
scRGCL,6,0.38519924098671726,0.16896896770970052,0.11608534244663091
