method,n_clusters,acc,nmi,ari
scRGCL,5,0.7103448275862069,0.6810064820265211,0.5683439734596831
