method,n_clusters,acc,nmi,ari
scRGCL,6,0.6568807339449542,0.7014063014034045,0.5681478020879962
