method,n_clusters,acc,nmi,ari
scRGCL,5,0.5620689655172414,0.5706471755431342,0.4478843273234759
