method,n_clusters,acc,nmi,ari
scRGCL,4,0.7518518518518519,0.5243705763163881,0.4430450880882962
