method,n_clusters,acc,nmi,ari
scRGCL,4,0.7037037037037037,0.6921275507276327,0.5540091454515943
