method,n_clusters,acc,nmi,ari
scRGCL,6,0.6584440227703985,0.37828961705698283,0.4679679764723788
