method,n_clusters,acc,nmi,ari
scRGCL,7,0.5591808399861159,0.5928949916443075,0.43851428521712693
