method,n_clusters,acc,nmi,ari
scRGCL,6,0.6641366223908919,0.30130017403716336,0.5403483197034054
