method,n_clusters,acc,nmi,ari
scRGCL,4,0.7807308970099668,0.6913632285935634,0.6731696619274281
