method,n_clusters,acc,nmi,ari
scRGCL,5,0.6484505862646566,0.5219736156056447,0.4186040971673306
