method,n_clusters,acc,nmi,ari
scRGCL,4,0.5088888888888888,0.3963460673072027,0.26345675092085913
