method,n_clusters,acc,nmi,ari
scRGCL,14,0.5095700416088765,0.6516408369336072,0.45296368874095405
