method,n_clusters,acc,nmi,ari
scRGCL,6,0.8979278587874137,0.8860553200561517,0.808148151723263
