method,n_clusters,acc,nmi,ari
scRGCL,4,0.6251851851851852,0.5801077933733695,0.4923474266250896
