method,n_clusters,acc,nmi,ari
scRGCL,6,0.9036697247706422,0.8844555218925433,0.9169411251781612
