method,n_clusters,acc,nmi,ari
scRGCL,14,0.7467406380027739,0.7727466682570696,0.6957310316328019
