method,n_clusters,acc,nmi,ari
scRGCL,6,0.902788436940394,0.9159406022666544,0.9182581883948938
