method,n_clusters,acc,nmi,ari
scRGCL,4,0.6688888888888889,0.6605009703519601,0.5222997319861004
