method,n_clusters,acc,nmi,ari
scRGCL,14,0.6334106728538283,0.7303489593422732,0.5195542525236712
