method,n_clusters,acc,nmi,ari
scRGCL,6,0.9705807111793298,0.9097083552350143,0.9349437094186939
