method,n_clusters,acc,nmi,ari
scRGCL,5,0.6724137931034483,0.7452559312259375,0.6279519366831033
