method,n_clusters,acc,nmi,ari
scRGCL,6,0.7954128440366972,0.8197300114884253,0.72800573883048
