method,n_clusters,acc,nmi,ari
scRGCL,4,0.9116672800883328,0.7730005739259828,0.8143485524055899
