method,n_clusters,acc,nmi,ari
scRGCL,14,0.5001386962552011,0.644307676758335,0.42537949025082833
