method,n_clusters,acc,nmi,ari
scRGCL,4,0.8465218991534781,0.7682348054319971,0.7674185520673794
