method,n_clusters,ari,nmi
PCA+Leiden,57,0.17152679402647034,0.6472035840827192
PCA+Louvain,54,0.1717088677762149,0.6492955649862648
PCA+KMeans,55,0.2541900136130733,0.6519706959236717
