method,n_clusters,acc,nmi,ari
scRGCL,4,0.5562962962962963,0.5689410928841409,0.4114438044148949
