method,n_clusters,acc,nmi,ari
scRGCL,14,0.6101304681504222,0.7119608636137846,0.5207466342673341
