method,n_clusters,acc,nmi,ari
scRGCL,5,0.8767797319932998,0.6287627391608663,0.8162359328221906
