method,n_clusters,acc,nmi,ari
scRGCL,14,0.6527045769764216,0.7536523442722532,0.6460758488169263
