method,n_clusters,acc,nmi,ari
scRGCL,6,0.5825688073394495,0.6640479493635257,0.45673763826762176
