method,n_clusters,acc,nmi,ari
scRGCL,4,0.7362962962962963,0.6070132495915854,0.5550696015732084
