method,n_clusters,acc,nmi,ari,f1,epoch
scRGCL,6,0.9143003325658736,0.9391641968091154,0.9392192287823976,0.7865447071236827,238
