method,n_clusters,acc,nmi,ari
scRGCL,14,0.5433614735226401,0.5021013730028316,0.38286390491927386
