method,n_clusters,acc,nmi,ari
scRGCL,6,0.6981651376146789,0.7018653157586766,0.5503736927647066
