method,n_clusters,acc,nmi,ari
scRGCL,14,0.6871012482662968,0.7221018115471896,0.6155864105782151
