method,n_clusters,acc,nmi,ari
scRGCL,14,0.5974477958236659,0.7107519417009479,0.47945737338583316
