method,n_clusters,acc,nmi,ari
scRGCL,6,0.4307400379506641,0.3616676171459067,0.21315872034311364
