method,n_clusters,acc,nmi,ari
scRGCL,4,0.7408637873754153,0.6550668940530208,0.5858118871655117
