method,n_clusters,acc,nmi,ari
scRGCL,4,0.7396,0.7451523026381895,0.7213560714491117
