method,n_clusters,acc,nmi,ari
scRGCL,14,0.5482705214248839,0.7124434537827548,0.3357297636078789
