method,n_clusters,acc,nmi,ari
scRGCL,6,0.9045871559633027,0.878913942757371,0.9134847784957755
