method,n_clusters,acc,nmi,ari
scRGCL,4,0.7375415282392026,0.4929378709781518,0.5451058393255223
