method,n_clusters,acc,nmi,ari
scRGCL,14,0.4801239029426949,0.6741382176379802,0.3514223428814973
