method,n_clusters,acc,nmi,ari
scRGCL,14,0.5541059094397545,0.7309479954119638,0.473100101468943
