method,n_clusters,acc,nmi,ari
scRGCL,4,0.8023555391976445,0.6975037041433584,0.6831139226635583
