method,n_clusters,acc,nmi,ari
scRGCL,4,0.6810631229235881,0.47135044906236523,0.48678991782080017
