method,n_clusters,acc,nmi,ari
scRGCL,6,0.7533896137119468,0.8114053706696324,0.7747206187335053
