method,n_clusters,acc,nmi,ari
scRGCL,6,0.5521821631878557,0.37926103043824977,0.27691768853875004
