method,n_clusters,acc,nmi,ari
scRGCL,6,0.8743924277308774,0.7324745608138427,0.8254400918809351
