method,n_clusters,acc,nmi,ari
scRGCL,6,0.8412844036697248,0.8077516709589802,0.8463271317022995
