method,n_clusters,acc,nmi,ari
scRGCL,6,0.49146110056925996,0.3725434254130618,0.2553149358253787
