method,n_clusters,acc,nmi,ari
scRGCL,14,0.6537122969837587,0.7508236646023347,0.600988414265124
