method,n_clusters,acc,nmi,ari
scRGCL,14,0.7520110957004161,0.783066229861555,0.7169517025098495
