method,n_clusters,acc,nmi,ari
scRGCL,4,0.6733333333333333,0.4946148715764719,0.44765002385123476
