method,n_clusters,ari,nmi
PCA+Leiden,13,0.6551551783662342,0.8393546092699864
PCA+Louvain,11,0.5964181073606102,0.831418993120499
PCA+KMeans,14,0.924989372194019,0.8821008080917149
