method,n_clusters,acc,nmi,ari
scRGCL,14,0.685991678224688,0.7303499137508003,0.6388831838621657
