method,n_clusters,acc,nmi,ari
scRGCL,9,0.6357210179076344,0.7035463213488006,0.5547809182536789
