method,n_clusters,acc,nmi,ari
scRGCL,6,0.8649270913277053,0.8121478780919392,0.8335522564760982
