method,n_clusters,acc,nmi,ari
scRGCL,4,0.6488888888888888,0.46664239777783145,0.40675360414964756
