method,n_clusters,acc,nmi,ari
scRGCL,4,0.7118518518518518,0.717617401637999,0.5667906784215618
