method,n_clusters,acc,nmi,ari
scRGCL,14,0.6210635002581312,0.7600958580543573,0.40066108983926646
