method,n_clusters,acc,nmi,ari
scRGCL,4,0.9867109634551495,0.9653819309190704,0.9820065168267785
