method,n_clusters,acc,nmi,ari
scRGCL,7,0.6924678930926762,0.5847650604839674,0.5012350532261476
