method,n_clusters,acc,nmi,ari
scRGCL,6,0.8037861345612689,0.7832097807949949,0.7495518153276419
