method,n_clusters,acc,nmi,ari
scRGCL,14,0.5245224574083635,0.6945926035562074,0.4300987572162731
