method,n_clusters,acc,nmi,ari
scRGCL,5,0.6103433835845896,0.4697868953457856,0.31289563322117925
