method,n_clusters,acc,nmi,ari
scRGCL,14,0.3085188027628549,0.33635237964358455,0.17709769686259907
