method,n_clusters,acc,nmi,ari
scRGCL,14,0.41442824251726784,0.4232198886250446,0.31091415990645677
