method,n_clusters,acc,nmi,ari
scRGCL,6,0.9081606548989511,0.9159440785288737,0.9276540281067318
