method,n_clusters,acc,nmi,ari
scRGCL,6,0.7490406753645433,0.7739753836616748,0.7235076201637936
