method,n_clusters,ari,nmi
PCA+Leiden,15,0.4859486397605269,0.7730914573897187
PCA+Louvain,15,0.4816301939443886,0.7705612784044972
PCA+KMeans,6,0.9792672923933046,0.9579731152803049
