method,n_clusters,acc,nmi,ari
scRGCL,5,0.828735632183908,0.8264296542887891,0.7398378097007465
