method,n_clusters,acc,nmi,ari
scRGCL,9,0.7144203581526861,0.7138015995271407,0.5707632218275465
