method,n_clusters,acc,nmi,ari
scRGCL,9,0.6842601319509897,0.6635620423252543,0.5411660985223989
