method,n_clusters,acc,nmi,ari
scRGCL,5,0.48314489112227804,0.4861294603355367,0.28057898599149805
