method,n_clusters,acc,nmi,ari
scRGCL,6,0.6394495412844037,0.6966947198814478,0.5368396209839431
