method,n_clusters,acc,nmi,ari
scRGCL,6,0.6587155963302752,0.7739716510612624,0.5759211002135752
