method,n_clusters,acc,nmi,ari
scRGCL,6,0.3396584440227704,0.14375905925767804,0.08438343261164284
