method,n_clusters,acc,nmi,ari
scRGCL,4,0.8446816341553184,0.7442708762439654,0.7625039226256052
