method,n_clusters,acc,nmi,ari
scRGCL,14,0.3667128987517337,0.4518326463643682,0.2609314224376203
