method,n_clusters,acc,nmi,ari
scRGCL,14,0.3561484918793503,0.35151593614183796,0.1917786126027261
