method,n_clusters,acc,nmi,ari
scRGCL,14,0.521461716937355,0.6490740694305384,0.44222577859415446
