method,n_clusters,acc,nmi,ari
scRGCL,4,0.7774086378737541,0.8255706357581322,0.7454590811253623
