method,n_clusters,acc,nmi,ari
scRGCL,4,0.7840531561461794,0.7088221202585461,0.5927666066426143
