method,n_clusters,acc,nmi,ari
scRGCL,14,0.5840368380660015,0.7006900272362117,0.4914518259681551
