method,n_clusters,acc,nmi,ari
scRGCL,4,0.6478405315614618,0.6657043917311857,0.4911250124407965
