method,n_clusters,acc,nmi,ari
scRGCL,14,0.7490406753645433,0.7554065419681768,0.731610196665065