method,n_clusters,acc,nmi,ari
scRGCL,6,0.5559772296015181,0.2664122038799267,0.2909134442165223
