method,n_clusters,acc,nmi,ari
scRGCL,6,0.6330275229357798,0.7031266036555404,0.5531631947672987
