method,n_clusters,acc,nmi,ari
scRGCL,9,0.8421300659754948,0.7612383140846887,0.8506583349052464
