method,n_clusters,acc,nmi,ari
scRGCL,14,0.4343966712898752,0.5843080322730321,0.3846736876006847
