method,n_clusters,acc,nmi,ari
scRGCL,14,0.6473317865429234,0.7215396615459655,0.6052075598994293
