method,n_clusters,acc,nmi,ari
scRGCL,4,0.9455281560544718,0.8399390557504308,0.8847409859072172