method,n_clusters,acc,nmi,ari
scRGCL,14,0.6807212205270458,0.7122873857361223,0.615994006195209
