method,n_clusters,acc,nmi,ari
scRGCL,14,0.6943134535367546,0.7771544746241913,0.6906687641852823
