method,n_clusters,ari,nmi
PCA+Leiden,10,0.4419147353864232,0.7147122022270108
PCA+Louvain,7,0.4844435297219998,0.7082272954203404
PCA+KMeans,4,0.6252345161856232,0.7041796819241646
