method,n_clusters,ari,nmi
PCA+Leiden,16,0.546083881750724,0.7770056427879072
PCA+Louvain,15,0.5680195498410027,0.783818159842565
PCA+KMeans,14,0.7999345468411293,0.8615552885444048
