method,n_clusters,acc,nmi,ari
scRGCL,14,0.5452436194895591,0.6460390386257187,0.4527381847708821
