method,n_clusters,acc,nmi,ari
scRGCL,7,0.8267962513016314,0.6791981736405834,0.7428976140005802
