method,n_clusters,acc,nmi,ari
scRGCL,4,0.8471760797342193,0.8579984737404913,0.8137423030872836
