method,n_clusters,acc,nmi,ari
scRGCL,4,0.6177777777777778,0.5556796081082638,0.46595386001561595
