method,n_clusters,acc,nmi,ari
scRGCL,7,0.5668170774036793,0.5735528497745525,0.4345714994973641
