method,n_clusters,acc,nmi,ari
scRGCL,4,0.5866666666666667,0.5561430878177062,0.4322004181802574
