method,n_clusters,acc,nmi,ari
scRGCL,4,0.8689731321310269,0.8265233177417255,0.8225534016584253
