method,n_clusters,acc,nmi,ari
scRGCL,6,0.8944954128440367,0.8707937308300644,0.909508724274426
