method,n_clusters,ari,nmi
PCA+Leiden,24,0.21664634028186355,0.47563355042450184
PCA+Louvain,18,0.18521381573413825,0.47804083545923565
PCA+KMeans,5,0.9374407755333048,0.8692107828266665
