method,n_clusters,acc,nmi,ari
scRGCL,7,0.650815688996876,0.5680216906575565,0.5004017809767485
