method,n_clusters,acc,nmi,ari
scRGCL,9,0.648444863336475,0.6852762502266081,0.5470870097008729
