method,n_clusters,acc,nmi,ari
scRGCL,5,0.5050251256281407,0.4835249824070372,0.3066687347121736
