method,n_clusters,acc,nmi,ari
scRGCL,14,0.3990719257540603,0.5768866838929034,0.30658215568124386
