method,n_clusters,acc,nmi,ari
scRGCL,14,0.5807950438822922,0.7096787588153675,0.35956490771234945
