method,n_clusters,acc,nmi,ari
scRGCL,4,0.8338870431893688,0.7203025863172885,0.6109410367780626
