method,n_clusters,acc,nmi,ari
scRGCL,6,0.8567408544384754,0.864433949549611,0.8198502349376531
