method,n_clusters,acc,nmi,ari
scRGCL,80,0.40283168032197786,0.7289128231398444,0.2590174988778816
