method,n_clusters,acc,nmi,ari
scRGCL,4,0.7873754152823921,0.8473040894418526,0.7896390942671518
