method,n_clusters,acc,nmi,ari
scRGCL,6,0.41935483870967744,0.19979195082158727,0.15470407793368562
