method,n_clusters,acc,nmi,ari
scRGCL,4,0.6125925925925926,0.6066254207968674,0.45697713706725757
