method,n_clusters,acc,nmi,ari
scRGCL,4,0.7608,0.7959739422154997,0.748568392418957
