method,n_clusters,acc,nmi,ari
scRGCL,4,0.7892,0.7865072816159412,0.7568942667316731
