method,n_clusters,acc,nmi,ari
scRGCL,4,0.5980066445182725,0.32197187785199866,0.2950748588494329
