method,n_clusters,acc,nmi,ari
scRGCL,5,0.8172413793103448,0.8171663587213146,0.7231309327620387
