method,n_clusters,acc,nmi,ari
scRGCL,4,0.7281481481481481,0.6376512277035412,0.5567607987016732
