method,n_clusters,acc,nmi,ari
scRGCL,14,0.4553433144037171,0.6542140571015944,0.3110438206567924
