method,n_clusters,acc,nmi,ari
scRGCL,14,0.5072908672294705,0.6665602434716883,0.4083226250091958
