method,n_clusters,acc,nmi,ari
scRGCL,7,0.8278375564040263,0.6917223908556275,0.7847272816009123