method,n_clusters,acc,nmi,ari
scRGCL,14,0.5309292649098475,0.7337455922699484,0.48634904240620935
