method,n_clusters,acc,nmi,ari
scRGCL,7,0.6476917736896911,0.5707190343296275,0.5762609851323063
