method,n_clusters,acc,nmi,ari
scRGCL,9,0.9208294062205467,0.8351465959091361,0.898438554235748
