method,n_clusters,acc,nmi,ari
scRGCL,7,0.6282540784449844,0.5829281552478424,0.5302076748039201
