method,n_clusters,acc,nmi,ari
scRGCL,5,0.5728643216080402,0.4433793495826909,0.28477305958383947
