method,n_clusters,acc,nmi,ari
scRGCL,6,0.8127398311588642,0.7638396117203419,0.7162084175962508
