method,n_clusters,acc,nmi,ari
scRGCL,14,0.6397911832946636,0.7308387415844687,0.5534945879682516
