method,n_clusters,acc,nmi,ari
scRGCL,14,0.6844547563805105,0.7775344121678995,0.6386823359569508
