method,n_clusters,acc,nmi,ari
scRGCL,14,0.7142857142857143,0.7633036567114413,0.6695399578775623
