method,n_clusters,acc,nmi,ari
scRGCL,6,0.7091327705295472,0.7410435087553702,0.62502623674151
