method,n_clusters,ari,nmi
PCA+Leiden,10,0.6073469044058419,0.791247489126415
PCA+Louvain,9,0.6507500374354321,0.8087206950425284
PCA+KMeans,14,0.8694851515074603,0.8607570010627456
