method,n_clusters,acc,nmi,ari
scRGCL,6,0.8064220183486238,0.7794064536758529,0.7773216796387149
