method,n_clusters,acc,nmi,ari
scRGCL,6,0.736697247706422,0.7769262610919747,0.6511535593417158
