method,n_clusters,acc,nmi,ari
scRGCL,14,0.37529002320185617,0.4949639775300041,0.26279072890448774
