method,n_clusters,acc,nmi,ari
scRGCL,6,0.5275142314990512,0.20521509078598169,0.2293231059412726
