method,n_clusters,acc,nmi,ari
scRGCL,4,0.8351122561648877,0.7984355115683085,0.7981385959984553
