method,n_clusters,acc,nmi,ari
scRGCL,9,0.8025447690857681,0.7351592578788437,0.7328346687673438
