method,n_clusters,acc,nmi,ari
scRGCL,4,0.738,0.7506063944338224,0.7289067295442407
