method,n_clusters,acc,nmi,ari
scRGCL,5,0.7275862068965517,0.7852835096805648,0.6551879618161809
