method,n_clusters,acc,nmi,ari
scRGCL,6,0.9130212330519314,0.9294022363345799,0.9375791036448637
