method,n_clusters,acc,nmi,ari
scRGCL,5,0.7402298850574712,0.7949410664289611,0.6584563658022964
