method,n_clusters,acc,nmi,ari
scRGCL,6,0.571157495256167,0.3277416466420646,0.30209740020812026
