method,n_clusters,acc,nmi,ari
scRGCL,6,0.6736242884250474,0.3461484394763467,0.5646626087375586
