method,n_clusters,acc,nmi,ari
scRGCL,6,0.7172675521821632,0.41162270837370085,0.6069898833236967