method,n_clusters,acc,nmi,ari
scRGCL,5,0.725287356321839,0.7803353593699723,0.6439454432551776
