method,n_clusters,acc,nmi,ari
scRGCL,7,0.6015272474835127,0.5353925595305437,0.44211123455177664
