method,n_clusters,acc,nmi,ari
scRGCL,6,0.7961115374776158,0.8313251350537528,0.7870274643302645
