method,n_clusters,acc,nmi,ari
scRGCL,6,0.563302752293578,0.6501237843483916,0.4520406183018303
