method,n_clusters,acc,nmi,ari
scRGCL,6,0.726605504587156,0.7588574286248861,0.6406042957188408
