method,n_clusters,acc,nmi,ari
scRGCL,80,0.4760133678309616,0.7349205429230378,0.42138884415482225
