method,n_clusters,acc,nmi,ari
scRGCL,5,0.8494252873563218,0.8230017519833491,0.8769429844530826
