method,n_clusters,acc,nmi,ari
scRGCL,4,0.6611295681063123,0.6083021222235978,0.48155793113477363
