method,n_clusters,acc,nmi,ari
scRGCL,7,0.6251301631377993,0.49220711046463994,0.40022871527146625
